[
  {
    "id": 1,
    "name": "Lập Trình Web",
    "slug": "lap-trinh-web",
    "parentId": null,
    "icon": "🌐",
    "description": "Các khóa học và bài thi về phát triển web frontend và backend",
    "displayOrder": 1,
    "isActive": true
  },
  {
    "id": 2,
    "name": "Frontend Development",
    "slug": "frontend-development",
    "parentId": 1,
    "icon": "🎨",
    "description": "HTML, CSS, JavaScript và các framework frontend hiện đại",
    "displayOrder": 1,
    "isActive": true
  },
  {
    "id": 3,
    "name": "React & Next.js",
    "slug": "react-nextjs",
    "parentId": 2,
    "icon": "⚛️",
    "description": "Thư viện React và framework Next.js",
    "displayOrder": 1,
    "isActive": true
  },
  {
    "id": 4,
    "name": "Vue.js",
    "slug": "vuejs",
    "parentId": 2,
    "icon": "💚",
    "description": "Framework Vue.js và Nuxt.js",
    "displayOrder": 2,
    "isActive": true
  },
  {
    "id": 5,
    "name": "Backend Development",
    "slug": "backend-development",
    "parentId": 1,
    "icon": "⚙️",
    "description": "Node.js, Express, API và Database",
    "displayOrder": 2,
    "isActive": true
  },
  {
    "id": 6,
    "name": "Node.js & Express",
    "slug": "nodejs-express",
    "parentId": 5,
    "icon": "🟢",
    "description": "Xây dựng API và ứng dụng backend với Node.js",
    "displayOrder": 1,
    "isActive": true
  },
  {
    "id": 7,
    "name": "Database",
    "slug": "database",
    "parentId": 5,
    "icon": "🗄️",
    "description": "SQL, NoSQL, MongoDB, PostgreSQL",
    "displayOrder": 2,
    "isActive": true
  },
  {
    "id": 8,
    "name": "Mobile Development",
    "slug": "mobile-development",
    "parentId": null,
    "icon": "📱",
    "description": "Phát triển ứng dụng di động iOS và Android",
    "displayOrder": 2,
    "isActive": true
  },
  {
    "id": 9,
    "name": "React Native",
    "slug": "react-native",
    "parentId": 8,
    "icon": "📲",
    "description": "Xây dựng ứng dụng mobile với React Native",
    "displayOrder": 1,
    "isActive": true
  },
  {
    "id": 10,
    "name": "Flutter",
    "slug": "flutter",
    "parentId": 8,
    "icon": "🦋",
    "description": "Framework Flutter của Google",
    "displayOrder": 2,
    "isActive": true
  },
  {
    "id": 11,
    "name": "DevOps & Cloud",
    "slug": "devops-cloud",
    "parentId": null,
    "icon": "☁️",
    "description": "CI/CD, Docker, Kubernetes, AWS, Azure",
    "displayOrder": 3,
    "isActive": true
  },
  {
    "id": 12,
    "name": "Docker & Kubernetes",
    "slug": "docker-kubernetes",
    "parentId": 11,
    "icon": "🐳",
    "description": "Container hóa và orchestration",
    "displayOrder": 1,
    "isActive": true
  },
  {
    "id": 13,
    "name": "Data Science & AI",
    "slug": "data-science-ai",
    "parentId": null,
    "icon": "🤖",
    "description": "Machine Learning, Deep Learning, Data Analysis",
    "displayOrder": 4,
    "isActive": true
  },
  {
    "id": 14,
    "name": "Python Programming",
    "slug": "python-programming",
    "parentId": 13,
    "icon": "🐍",
    "description": "Python cho Data Science và AI",
    "displayOrder": 1,
    "isActive": true
  }
]
