[
  { "id": 1001, "questionId": 101, "text": "Angular", "isCorrect": false },
  { "id": 1002, "questionId": 101, "text": "Vue.js", "isCorrect": false },
  { "id": 1003, "questionId": 101, "text": "React", "isCorrect": true }, 
  { "id": 1004, "questionId": 101, "text": "Svelte", "isCorrect": false },
  
  { "id": 1005, "questionId": 102, "text": "Server-Side Rendering (SSR)", "isCorrect": true },
  { "id": 1006, "questionId": 102, "text": "Client-Side Rendering (CSR)", "isCorrect": false },
  { "id": 1007, "questionId": 102, "text": "Static Site Generation (SSG)", "isCorrect": true },
  { "id": 1008, "questionId": 102, "text": "Edge Rendering", "isCorrect": false },
  
  { "id": 1009, "questionId": 103, "text": "useState", "isCorrect": false },
  { "id": 1010, "questionId": 103, "text": "useEffect", "isCorrect": false },
  { "id": 1011, "questionId": 103, "text": "useReducer", "isCorrect": true },
  { "id": 1012, "questionId": 103, "text": "useContext", "isCorrect": false },

  { "id": 1013, "questionId": 104, "text": "Ảnh (Images)", "isCorrect": false },
  { "id": 1014, "questionId": 104, "text": "Tệp phông chữ (Fonts)", "isCorrect": false },
  { "id": 1015, "questionId": 104, "text": "Tệp robots.txt", "isCorrect": false },
  { "id": 1016, "questionId": 104, "text": "Tệp JSX/TSX cho component", "isCorrect": true },

  { "id": 1017, "questionId": 105, "text": "getStaticProps", "isCorrect": true },
  { "id": 1018, "questionId": 105, "text": "getServerSideProps", "isCorrect": false },
  { "id": 1019, "questionId": 105, "text": "getInitialProps", "isCorrect": false },
  { "id": 1020, "questionId": 105, "text": "getStaticPaths", "isCorrect": false },

  { "id": 1021, "questionId": 113, "text": "GET", "isCorrect": true },
  { "id": 1022, "questionId": 113, "text": "POST", "isCorrect": true },
  { "id": 1023, "questionId": 113, "text": "PUT", "isCorrect": true },
  { "id": 1024, "questionId": 113, "text": "DELETE", "isCorrect": true },
  { "id": 1025, "questionId": 113, "text": "CONNECT", "isCorrect": false }
]