[
  {
    "id": 101,
    "text": "Thành phần cốt lõi của Next.js là gì?",
    "type": "single_choice",
    "topic": "Nextjs_Fundamentals",
    "difficulty": "easy",
    "points": 1,
    "shuffleOptions": true,
    "answerOptionIds": [1001, 1002, 1003, 1004],
    "correctOptionId": 1003,
    "explanation": "Next.js được xây dựng dựa trên React, mở rộng các tính năng của React với SSR, SSG và routing."
  },
  {
    "id": 102,
    "text": "Chọn 2 phương pháp rendering chính trong Next.js (hỗ trợ SEO tốt)?",
    "type": "multi_choice",
    "topic": "Nextjs_Rendering",
    "difficulty": "medium",
    "points": 2,
    "shuffleOptions": true,
    "answerOptionIds": [1005, 1006, 1007, 1008],
    "correctOptionIds": [1005, 1007],
    "explanation": "SSR và SSG đều render HTML trên server, giúp SEO tốt hơn so với CSR."
  },
  {
    "id": 103,
    "text": "Hooks nào được dùng để quản lý trạng thái phức tạp?",
    "type": "single_choice",
    "topic": "React_Hooks",
    "difficulty": "medium",
    "points": 1,
    "shuffleOptions": true,
    "answerOptionIds": [1009, 1010, 1011, 1012],
    "correctOptionId": 1011,
    "explanation": "useReducer giúp quản lý state phức tạp với nhiều sub-values hoặc logic update phức tạp."
  },
  {
    "id": 104,
    "text": "Tập tin nào không cần phải nằm trong thư mục `public` của Next.js?",
    "type": "single_choice",
    "topic": "Nextjs_Fundamentals",
    "difficulty": "hard",
    "points": 2,
    "shuffleOptions": true,
    "answerOptionIds": [1013, 1014, 1015, 1016],
    "correctOptionId": 1016,
    "explanation": "Các tệp JSX/TSX cho component nằm trong thư mục app/ hoặc pages/, không phải public/."
  },
  {
    "id": 105,
    "text": "Phương thức nào trong Next.js dùng để tạo các trang tĩnh tại thời điểm xây dựng?",
    "type": "single_choice",
    "topic": "Nextjs_Rendering",
    "difficulty": "easy",
    "points": 1,
    "shuffleOptions": false,
    "answerOptionIds": [1017, 1018, 1019, 1020],
    "correctOptionId": 1017,
    "explanation": "getStaticProps được sử dụng để fetch data tại build time và tạo các trang static."
  },
  {
    "id": 106,
    "text": "React là một JavaScript framework",
    "type": "true_false",
    "topic": "React_Fundamentals",
    "difficulty": "easy",
    "points": 1,
    "shuffleOptions": false,
    "correctAnswer": false,
    "explanation": "React là một JavaScript library, không phải framework. Framework có cấu trúc và quy tắc nghiêm ngặt hơn."
  },
  {
    "id": 107,
    "text": "Next.js 13+ sử dụng App Router mặc định",
    "type": "true_false",
    "topic": "Nextjs_Fundamentals",
    "difficulty": "easy",
    "points": 1,
    "shuffleOptions": false,
    "correctAnswer": true,
    "explanation": "Từ Next.js 13, App Router (app directory) được khuyến nghị sử dụng thay vì Pages Router."
  },
  {
    "id": 108,
    "text": "Sắp xếp đúng thứ tự vòng đời React component",
    "type": "ordering",
    "topic": "React_Lifecycle",
    "difficulty": "medium",
    "points": 2,
    "shuffleOptions": true,
    "items": [
      "constructor",
      "componentDidMount",
      "render",
      "componentWillUnmount"
    ],
    "correctOrder": [
      "constructor",
      "componentDidMount",
      "render",
      "componentWillUnmount"
    ],
    "explanation": "Thứ tự đúng: constructor (khởi tạo) → componentDidMount (sau khi mount) → render (hiển thị) → componentWillUnmount (trước khi unmount)"
  },
  {
    "id": 109,
    "text": "Nối các React Hooks với chức năng tương ứng",
    "type": "matching",
    "topic": "React_Concepts",
    "difficulty": "hard",
    "points": 3,
    "shuffleOptions": true,
    "pairs": [
      { "left": "useState", "right": "Quản lý state đơn giản" },
      { "left": "useEffect", "right": "Side effects và lifecycle" },
      { "left": "useContext", "right": "Chia sẻ data giữa components" },
      { "left": "useMemo", "right": "Tối ưu tính toán phức tạp" }
    ],
    "correctMatches": {
      "useState": "Quản lý state đơn giản",
      "useEffect": "Side effects và lifecycle",
      "useContext": "Chia sẻ data giữa components",
      "useMemo": "Tối ưu tính toán phức tạp"
    },
    "explanation": "useState cho state management, useEffect cho side effects, useContext cho context API, useMemo cho performance optimization."
  },
  {
    "id": 110,
    "text": "React sử dụng _____ DOM để tối ưu hiệu suất rendering",
    "type": "fill_blank",
    "topic": "React_Fundamentals",
    "difficulty": "easy",
    "points": 1,
    "shuffleOptions": false,
    "correctAnswers": ["Virtual", "virtual", "VIRTUAL", "Virtual DOM", "virtual dom"],
    "caseSensitive": false,
    "explanation": "React sử dụng Virtual DOM - một bản sao lightweight của Real DOM để tính toán sự khác biệt và chỉ update những phần thay đổi."
  },
  {
    "id": 111,
    "text": "Next.js có thể render cả Client-side và Server-side",
    "type": "true_false",
    "topic": "Nextjs_Rendering",
    "difficulty": "easy",
    "points": 1,
    "shuffleOptions": false,
    "correctAnswer": true,
    "explanation": "Next.js hỗ trợ hybrid rendering - vừa SSR/SSG (server-side) vừa CSR (client-side) trong cùng một ứng dụng."
  },
  {
    "id": 112,
    "text": "Sắp xếp các bước trong quy trình Next.js SSR",
    "type": "ordering",
    "topic": "Nextjs_Rendering",
    "difficulty": "hard",
    "points": 3,
    "shuffleOptions": true,
    "items": [
      "User gửi request",
      "Server fetch data",
      "Server render HTML",
      "HTML gửi về client",
      "Hydration xảy ra"
    ],
    "correctOrder": [
      "User gửi request",
      "Server fetch data",
      "Server render HTML",
      "HTML gửi về client",
      "Hydration xảy ra"
    ],
    "explanation": "SSR flow: Request → Fetch data on server → Render HTML → Send to client → Hydrate để React có thể interactive."
  },
  {
    "id": 113,
    "text": "Chọn các HTTP methods thường dùng trong REST API",
    "type": "multi_choice",
    "topic": "API_Routes",
    "difficulty": "easy",
    "points": 2,
    "shuffleOptions": true,
    "answerOptionIds": [1021, 1022, 1023, 1024, 1025],
    "correctOptionIds": [1021, 1022, 1023, 1024],
    "explanation": "REST API thường dùng GET (read), POST (create), PUT/PATCH (update), DELETE (delete). CONNECT không phải REST method."
  },
  {
    "id": 114,
    "text": "Trong Next.js App Router, file _____ được dùng để tạo API endpoint",
    "type": "fill_blank",
    "topic": "API_Routes",
    "difficulty": "medium",
    "points": 2,
    "shuffleOptions": false,
    "correctAnswers": ["route.js", "route.ts", "route"],
    "caseSensitive": false,
    "explanation": "Trong App Router (Next.js 13+), file route.js hoặc route.ts được dùng để tạo API routes thay vì pages/api/."
  },
  {
    "id": 115,
    "text": "Nối các khái niệm Next.js với ý nghĩa",
    "type": "matching",
    "topic": "Nextjs_Fundamentals",
    "difficulty": "medium",
    "points": 2,
    "shuffleOptions": true,
    "pairs": [
      { "left": "SSR", "right": "Render on every request" },
      { "left": "SSG", "right": "Render at build time" },
      { "left": "ISR", "right": "Regenerate after interval" },
      { "left": "CSR", "right": "Render on client browser" }
    ],
    "correctMatches": {
      "SSR": "Render on every request",
      "SSG": "Render at build time",
      "ISR": "Regenerate after interval",
      "CSR": "Render on client browser"
    },
    "explanation": "SSR (mỗi request), SSG (lúc build), ISR (revalidate sau khoảng thời gian), CSR (trên browser)."
  }
]