[
  {
    "id": 1,
    "name": "Bài Thi Cuối Kỳ Next.js",
    "slug": "bai-thi-cuoi-ky-nextjs",
    "categoryId": 3,
    "status": "active",
    "difficulty": "hard",
    "durationMinutes": 60,
    "maxAttempts": 3,
    "shuffleQuestions": true,
    "revealAnswersAfterSubmission": false,
    "passingScore": 70,
    "description": "Bài thi tổng hợp kiến thức Next.js từ cơ bản đến nâng cao",
    "tags": ["nextjs", "react", "ssr", "ssg"],
    "questionSelection": {
      "mode": "random",
      "sourceTopics": ["Nextjs_Routing", "React_Hooks", "API_Routes", "Nextjs_Fundamentals", "Nextjs_Rendering"],
      "randomCounts": {
        "easy": 5,
        "medium": 10,
        "hard": 5
      }
    }
  },
  {
    "id": 2,
    "name": "Bài Tập React Hooks Cơ Bản",
    "slug": "bai-tap-react-hooks-co-ban",
    "categoryId": 3,
    "status": "active",
    "difficulty": "easy",
    "durationMinutes": 30,
    "maxAttempts": 0,
    "shuffleQuestions": false,
    "revealAnswersAfterSubmission": true,
    "passingScore": 50,
    "description": "Luyện tập các hooks cơ bản trong React",
    "tags": ["react", "hooks", "useState", "useEffect"],
    "questionSelection": {
      "mode": "manual",
      "manualQuestionIds": [101, 103, 104, 105] 
    }
  },
  {
    "id": 3,
    "name": "Node.js REST API",
    "slug": "nodejs-rest-api",
    "categoryId": 6,
    "status": "active",
    "difficulty": "medium",
    "durationMinutes": 45,
    "maxAttempts": 3,
    "shuffleQuestions": true,
    "revealAnswersAfterSubmission": true,
    "passingScore": 60,
    "description": "Kiểm tra kiến thức về xây dựng REST API với Node.js và Express",
    "tags": ["nodejs", "express", "api", "rest"],
    "questionSelection": {
      "mode": "manual",
      "manualQuestionIds": [101, 102, 103]
    }
  },
  {
    "id": 4,
    "name": "Vue.js Fundamentals",
    "slug": "vuejs-fundamentals",
    "categoryId": 4,
    "status": "active",
    "difficulty": "easy",
    "durationMinutes": 40,
    "maxAttempts": 0,
    "shuffleQuestions": false,
    "revealAnswersAfterSubmission": true,
    "passingScore": 50,
    "description": "Kiến thức nền tảng về Vue.js 3",
    "tags": ["vuejs", "vue3", "composition-api"],
    "questionSelection": {
      "mode": "manual",
      "manualQuestionIds": [101, 103]
    }
  },
  {
    "id": 5,
    "name": "Test Tất Cả Loại Câu Hỏi",
    "slug": "test-all-question-types",
    "categoryId": 3,
    "status": "active",
    "difficulty": "medium",
    "durationMinutes": 20,
    "maxAttempts": 0,
    "shuffleQuestions": false,
    "revealAnswersAfterSubmission": true,
    "passingScore": 60,
    "description": "Quiz demo với đầy đủ 6 loại câu hỏi: Single Choice, Multi Choice, True/False, Ordering, Matching, Fill in the Blank",
    "tags": ["demo", "test", "all-types"],
    "questionSelection": {
      "mode": "manual",
      "manualQuestionIds": [101, 102, 106, 108, 109, 110]
    }
  },
  {
    "id": 6,
    "name": "React & Next.js Nâng Cao",
    "slug": "react-nextjs-advanced",
    "categoryId": 3,
    "status": "active",
    "difficulty": "hard",
    "durationMinutes": 30,
    "maxAttempts": 3,
    "shuffleQuestions": true,
    "revealAnswersAfterSubmission": true,
    "passingScore": 70,
    "description": "Kiểm tra kiến thức nâng cao về React và Next.js với các loại câu hỏi đa dạng",
    "tags": ["react", "nextjs", "advanced", "hooks"],
    "questionSelection": {
      "mode": "manual",
      "manualQuestionIds": [103, 107, 108, 109, 111, 112, 113, 114, 115]
    }
  }
]