[
  {
    "id": 5001,
    "userId": 1,
    "templateId": 1,
    "startTime": "2025-11-26T09:00:00Z",
    "endTime": "2025-11-26T09:45:00Z",
    "status": "completed",
    "score": 17,
    "totalQuestions": 20,
    "percentage": 85,
    "passed": true,
    "attemptDetails": [
      {
        "questionId": 101,
        "submittedOptionId": 1003,
        "isCorrect": true
      },
      {
        "questionId": 102,
        "submittedOptionIds": [
          1005,
          1006
        ],
        "isCorrect": false
      }
    ]
  },
  {
    "id": 5002,
    "userId": 2,
    "templateId": 1,
    "startTime": "2025-11-26T10:00:00Z",
    "status": "in_progress",
    "totalQuestions": 20,
    "attemptDetails": [
      {
        "questionId": 101,
        "submittedOptionId": 1003,
        "isCorrect": null
      }
    ]
  },
  {
    "id": 5003,
    "userId": 1,
    "templateId": 1,
    "startTime": "2025-11-26T03:45:00.770Z",
    "status": "in_progress",
    "totalQuestions": 4,
    "attemptDetails": []
  },
  {
    "id": 5004,
    "userId": 1,
    "templateId": 1,
    "startTime": "2025-11-26T03:45:00.785Z",
    "status": "completed",
    "totalQuestions": 4,
    "attemptDetails": [
      {
        "questionId": 101,
        "submittedOptionId": 1002,
        "isCorrect": false
      },
      {
        "questionId": 102,
        "submittedOptionIds": [
          1007,
          1006,
          1005
        ],
        "isCorrect": false
      },
      {
        "questionId": 103,
        "submittedOptionId": 1011,
        "isCorrect": true
      },
      {
        "questionId": 104,
        "submittedOptionId": 1013,
        "isCorrect": false
      }
    ],
    "endTime": "2025-11-26T03:45:15.566Z",
    "score": 1,
    "percentage": 25,
    "passed": false
  },
  {
    "id": 5005,
    "userId": 1,
    "templateId": 1,
    "startTime": "2025-11-26T03:47:29.904Z",
    "status": "in_progress",
    "totalQuestions": 4,
    "attemptDetails": []
  },
  {
    "id": 5006,
    "userId": 1,
    "templateId": 1,
    "startTime": "2025-11-26T03:47:29.925Z",
    "status": "completed",
    "totalQuestions": 4,
    "attemptDetails": [
      {
        "questionId": 103,
        "submittedOptionId": 1011,
        "isCorrect": true
      }
    ],
    "endTime": "2025-11-26T03:47:38.399Z",
    "score": 1,
    "percentage": 25,
    "passed": false
  },
  {
    "id": 5007,
    "userId": 1,
    "templateId": 2,
    "startTime": "2025-11-26T03:53:03.882Z",
    "status": "in_progress",
    "totalQuestions": 3,
    "attemptDetails": []
  },
  {
    "id": 5008,
    "userId": 1,
    "templateId": 2,
    "startTime": "2025-11-26T03:53:03.905Z",
    "status": "completed",
    "totalQuestions": 3,
    "attemptDetails": [],
    "endTime": "2025-11-26T03:53:09.734Z",
    "score": 0,
    "percentage": 0,
    "passed": true
  },
  {
    "id": 5009,
    "userId": 1,
    "templateId": 2,
    "startTime": "2025-11-26T03:53:28.250Z",
    "status": "in_progress",
    "totalQuestions": 3,
    "attemptDetails": []
  },
  {
    "id": 5010,
    "userId": 1,
    "templateId": 2,
    "startTime": "2025-11-26T03:53:28.269Z",
    "status": "in_progress",
    "totalQuestions": 3,
    "attemptDetails": []
  },
  {
    "id": 5011,
    "userId": 1,
    "templateId": 4,
    "startTime": "2025-11-26T03:53:32.622Z",
    "status": "in_progress",
    "totalQuestions": 2,
    "attemptDetails": []
  },
  {
    "id": 5012,
    "userId": 1,
    "templateId": 4,
    "startTime": "2025-11-26T03:53:32.640Z",
    "status": "in_progress",
    "totalQuestions": 2,
    "attemptDetails": []
  },
  {
    "id": 5013,
    "userId": 1,
    "templateId": 2,
    "startTime": "2025-11-26T03:53:39.394Z",
    "status": "in_progress",
    "totalQuestions": 3,
    "attemptDetails": []
  },
  {
    "id": 5014,
    "userId": 1,
    "templateId": 2,
    "startTime": "2025-11-26T03:53:39.415Z",
    "status": "in_progress",
    "totalQuestions": 3,
    "attemptDetails": []
  },
  {
    "id": 5015,
    "userId": 1,
    "templateId": 2,
    "startTime": "2025-11-26T03:54:01.607Z",
    "status": "in_progress",
    "totalQuestions": 3,
    "attemptDetails": []
  },
  {
    "id": 5016,
    "userId": 1,
    "templateId": 2,
    "startTime": "2025-11-26T03:54:01.623Z",
    "status": "in_progress",
    "totalQuestions": 3,
    "attemptDetails": []
  },
  {
    "id": 5017,
    "userId": 1,
    "templateId": 2,
    "startTime": "2025-11-26T03:54:09.884Z",
    "status": "in_progress",
    "totalQuestions": 3,
    "attemptDetails": []
  },
  {
    "id": 5018,
    "userId": 1,
    "templateId": 2,
    "startTime": "2025-11-26T03:54:09.901Z",
    "status": "in_progress",
    "totalQuestions": 3,
    "attemptDetails": []
  },
  {
    "id": 5019,
    "userId": 1,
    "templateId": 4,
    "startTime": "2025-11-26T03:54:23.291Z",
    "status": "in_progress",
    "totalQuestions": 2,
    "attemptDetails": []
  },
  {
    "id": 5020,
    "userId": 1,
    "templateId": 4,
    "startTime": "2025-11-26T03:54:23.309Z",
    "status": "completed",
    "totalQuestions": 2,
    "attemptDetails": [
      {
        "questionId": 101,
        "submittedOptionId": 1003,
        "isCorrect": true
      },
      {
        "questionId": 103,
        "submittedOptionId": 1009,
        "isCorrect": false
      }
    ],
    "endTime": "2025-11-26T03:54:38.309Z",
    "score": 1,
    "percentage": 50,
    "passed": true
  },
  {
    "id": 5021,
    "userId": 1,
    "templateId": 4,
    "startTime": "2025-11-26T03:54:42.595Z",
    "status": "in_progress",
    "totalQuestions": 2,
    "attemptDetails": []
  },
  {
    "id": 5022,
    "userId": 1,
    "templateId": 4,
    "startTime": "2025-11-26T03:54:42.612Z",
    "status": "completed",
    "totalQuestions": 2,
    "attemptDetails": [
      {
        "questionId": 101,
        "submittedOptionId": 1003,
        "isCorrect": true
      },
      {
        "questionId": 103,
        "submittedOptionId": 1010,
        "isCorrect": false
      }
    ],
    "endTime": "2025-11-26T03:54:55.068Z",
    "score": 1,
    "percentage": 50,
    "passed": true
  },
  {
    "id": 5023,
    "userId": 1,
    "templateId": 4,
    "startTime": "2025-11-26T03:54:58.142Z",
    "status": "in_progress",
    "totalQuestions": 2,
    "attemptDetails": []
  },
  {
    "id": 5024,
    "userId": 1,
    "templateId": 4,
    "startTime": "2025-11-26T03:54:58.159Z",
    "status": "completed",
    "totalQuestions": 2,
    "attemptDetails": [
      {
        "questionId": 101,
        "submittedOptionId": 1003,
        "isCorrect": true
      },
      {
        "questionId": 103,
        "submittedOptionId": 1012,
        "isCorrect": false
      }
    ],
    "endTime": "2025-11-26T03:55:05.517Z",
    "score": 1,
    "percentage": 50,
    "passed": true
  },
  {
    "id": 5025,
    "userId": 1,
    "templateId": 4,
    "startTime": "2025-11-26T03:55:08.285Z",
    "status": "in_progress",
    "totalQuestions": 2,
    "attemptDetails": []
  },
  {
    "id": 5026,
    "userId": 1,
    "templateId": 4,
    "startTime": "2025-11-26T03:55:08.301Z",
    "status": "completed",
    "totalQuestions": 2,
    "attemptDetails": [
      {
        "questionId": 101,
        "submittedOptionId": 1003,
        "isCorrect": true
      },
      {
        "questionId": 103,
        "submittedOptionId": 1011,
        "isCorrect": true
      }
    ],
    "endTime": "2025-11-26T03:55:14.456Z",
    "score": 2,
    "percentage": 100,
    "passed": true
  },
  {
    "id": 5027,
    "userId": 1,
    "templateId": 2,
    "startTime": "2025-11-26T04:05:52.430Z",
    "status": "in_progress",
    "totalQuestions": 3,
    "attemptDetails": []
  },
  {
    "id": 5028,
    "userId": 1,
    "templateId": 2,
    "startTime": "2025-11-26T04:05:52.451Z",
    "status": "in_progress",
    "totalQuestions": 3,
    "attemptDetails": []
  },
  {
    "id": 5029,
    "userId": 1,
    "templateId": 2,
    "startTime": "2025-11-26T04:51:35.250Z",
    "status": "in_progress",
    "totalQuestions": 3,
    "attemptDetails": []
  },
  {
    "id": 5030,
    "userId": 1,
    "templateId": 2,
    "startTime": "2025-11-26T04:51:35.273Z",
    "status": "in_progress",
    "totalQuestions": 3,
    "attemptDetails": []
  },
  {
    "id": 5031,
    "userId": 1,
    "templateId": 2,
    "startTime": "2025-11-26T04:58:53.843Z",
    "status": "in_progress",
    "totalQuestions": 3,
    "attemptDetails": []
  },
  {
    "id": 5032,
    "userId": 1,
    "templateId": 2,
    "startTime": "2025-11-26T04:58:53.864Z",
    "status": "completed",
    "totalQuestions": 3,
    "attemptDetails": [
      {
        "questionId": 101,
        "submittedOptionId": 1003,
        "isCorrect": true
      },
      {
        "questionId": 103,
        "submittedOptionId": 1012,
        "isCorrect": false
      },
      {
        "questionId": 104,
        "submittedOptionId": 1016,
        "isCorrect": true
      }
    ],
    "endTime": "2025-11-26T04:59:19.533Z",
    "score": 2,
    "percentage": 67,
    "passed": true
  },
  {
    "id": 5033,
    "userId": 1,
    "templateId": 2,
    "startTime": "2025-11-26T04:59:22.244Z",
    "status": "in_progress",
    "totalQuestions": 3,
    "attemptDetails": []
  },
  {
    "id": 5034,
    "userId": 1,
    "templateId": 2,
    "startTime": "2025-11-26T04:59:22.262Z",
    "status": "completed",
    "totalQuestions": 3,
    "attemptDetails": [
      {
        "questionId": 101,
        "submittedOptionId": 1003,
        "isCorrect": true
      },
      {
        "questionId": 103,
        "submittedOptionId": 1012,
        "isCorrect": false
      },
      {
        "questionId": 104,
        "submittedOptionId": 1015,
        "isCorrect": false
      }
    ],
    "endTime": "2025-11-26T04:59:31.757Z",
    "score": 1,
    "percentage": 33,
    "passed": true
  },
  {
    "id": 5035,
    "userId": 1,
    "templateId": 2,
    "startTime": "2025-11-26T04:59:34.746Z",
    "status": "in_progress",
    "totalQuestions": 3,
    "attemptDetails": []
  },
  {
    "id": 5036,
    "userId": 1,
    "templateId": 2,
    "startTime": "2025-11-26T04:59:34.769Z",
    "status": "completed",
    "totalQuestions": 3,
    "attemptDetails": [
      {
        "questionId": 101,
        "submittedOptionId": 1003,
        "isCorrect": true
      },
      {
        "questionId": 103,
        "submittedOptionId": 1011,
        "isCorrect": true
      },
      {
        "questionId": 104,
        "submittedOptionId": 1014,
        "isCorrect": false
      }
    ],
    "endTime": "2025-11-26T04:59:48.718Z",
    "score": 2,
    "percentage": 67,
    "passed": true
  },
  {
    "id": 5037,
    "userId": 1,
    "templateId": 2,
    "startTime": "2025-11-26T04:59:52.002Z",
    "status": "in_progress",
    "totalQuestions": 3,
    "attemptDetails": []
  },
  {
    "id": 5038,
    "userId": 1,
    "templateId": 2,
    "startTime": "2025-11-26T04:59:52.027Z",
    "status": "completed",
    "totalQuestions": 3,
    "attemptDetails": [
      {
        "questionId": 101,
        "submittedOptionId": 1003,
        "isCorrect": true
      },
      {
        "questionId": 103,
        "submittedOptionId": 1011,
        "isCorrect": true
      },
      {
        "questionId": 104,
        "submittedOptionId": 1013,
        "isCorrect": false
      }
    ],
    "endTime": "2025-11-26T05:00:51.359Z",
    "score": 2,
    "percentage": 67,
    "passed": true
  },
  {
    "id": 5039,
    "userId": 1,
    "templateId": 2,
    "startTime": "2025-11-26T05:03:23.296Z",
    "status": "in_progress",
    "totalQuestions": 3,
    "attemptDetails": []
  },
  {
    "id": 5040,
    "userId": 1,
    "templateId": 2,
    "startTime": "2025-11-26T05:03:23.315Z",
    "status": "in_progress",
    "totalQuestions": 3,
    "attemptDetails": []
  },
  {
    "id": 5041,
    "userId": 1,
    "templateId": 2,
    "startTime": "2025-11-26T05:09:36.625Z",
    "status": "in_progress",
    "totalQuestions": 3,
    "attemptDetails": []
  },
  {
    "id": 5042,
    "userId": 1,
    "templateId": 2,
    "startTime": "2025-11-26T05:09:36.642Z",
    "status": "in_progress",
    "totalQuestions": 3,
    "attemptDetails": []
  },
  {
    "id": 5043,
    "userId": 1,
    "templateId": 2,
    "startTime": "2025-11-26T05:09:46.227Z",
    "status": "in_progress",
    "totalQuestions": 3,
    "attemptDetails": []
  },
  {
    "id": 5044,
    "userId": 1,
    "templateId": 2,
    "startTime": "2025-11-26T05:09:46.246Z",
    "status": "in_progress",
    "totalQuestions": 3,
    "attemptDetails": []
  },
  {
    "id": 5045,
    "userId": 1,
    "templateId": 2,
    "startTime": "2025-11-26T05:10:57.372Z",
    "status": "in_progress",
    "totalQuestions": 3,
    "attemptDetails": []
  },
  {
    "id": 5046,
    "userId": 1,
    "templateId": 2,
    "startTime": "2025-11-26T05:10:57.395Z",
    "status": "in_progress",
    "totalQuestions": 3,
    "attemptDetails": []
  },
  {
    "id": 5047,
    "userId": 1,
    "templateId": 2,
    "startTime": "2025-11-26T05:18:13.428Z",
    "status": "in_progress",
    "totalQuestions": 3,
    "attemptDetails": []
  },
  {
    "id": 5048,
    "userId": 1,
    "templateId": 2,
    "startTime": "2025-11-26T05:18:13.446Z",
    "status": "in_progress",
    "totalQuestions": 3,
    "attemptDetails": []
  },
  {
    "id": 5049,
    "userId": 1,
    "templateId": 3,
    "startTime": "2025-11-26T05:18:17.251Z",
    "status": "in_progress",
    "totalQuestions": 3,
    "attemptDetails": []
  },
  {
    "id": 5050,
    "userId": 1,
    "templateId": 3,
    "startTime": "2025-11-26T05:18:17.274Z",
    "status": "in_progress",
    "totalQuestions": 3,
    "attemptDetails": []
  },
  {
    "id": 5051,
    "userId": 1,
    "templateId": 2,
    "startTime": "2025-11-26T05:18:20.115Z",
    "status": "in_progress",
    "totalQuestions": 3,
    "attemptDetails": []
  },
  {
    "id": 5052,
    "userId": 1,
    "templateId": 2,
    "startTime": "2025-11-26T05:18:20.136Z",
    "status": "in_progress",
    "totalQuestions": 3,
    "attemptDetails": []
  },
  {
    "id": 5053,
    "userId": 1,
    "templateId": 4,
    "startTime": "2025-11-26T05:18:25.469Z",
    "status": "in_progress",
    "totalQuestions": 2,
    "attemptDetails": []
  },
  {
    "id": 5054,
    "userId": 1,
    "templateId": 4,
    "startTime": "2025-11-26T05:18:25.488Z",
    "status": "in_progress",
    "totalQuestions": 2,
    "attemptDetails": []
  },
  {
    "id": 5055,
    "userId": 1,
    "templateId": 2,
    "startTime": "2025-11-26T05:18:45.026Z",
    "status": "in_progress",
    "totalQuestions": 3,
    "attemptDetails": []
  },
  {
    "id": 5056,
    "userId": 1,
    "templateId": 2,
    "startTime": "2025-11-26T05:18:45.041Z",
    "status": "in_progress",
    "totalQuestions": 3,
    "attemptDetails": []
  },
  {
    "id": 5057,
    "userId": 1,
    "templateId": 2,
    "startTime": "2025-11-26T05:18:52.908Z",
    "status": "in_progress",
    "totalQuestions": 3,
    "attemptDetails": []
  },
  {
    "id": 5058,
    "userId": 1,
    "templateId": 3,
    "startTime": "2025-11-26T05:22:40.818Z",
    "status": "in_progress",
    "totalQuestions": 3,
    "attemptDetails": []
  },
  {
    "id": 5059,
    "userId": 1,
    "templateId": 3,
    "startTime": "2025-11-26T05:22:40.838Z",
    "status": "in_progress",
    "totalQuestions": 3,
    "attemptDetails": []
  },
  {
    "id": 5060,
    "userId": 1,
    "templateId": 2,
    "startTime": "2025-11-26T05:23:12.482Z",
    "status": "in_progress",
    "totalQuestions": 3,
    "attemptDetails": []
  },
  {
    "id": 5061,
    "userId": 1,
    "templateId": 2,
    "startTime": "2025-11-26T05:23:12.501Z",
    "status": "in_progress",
    "totalQuestions": 3,
    "attemptDetails": []
  },
  {
    "id": 5062,
    "userId": 1,
    "templateId": 2,
    "startTime": "2025-11-26T05:23:16.829Z",
    "status": "in_progress",
    "totalQuestions": 3,
    "attemptDetails": []
  },
  {
    "id": 5063,
    "userId": 1,
    "templateId": 2,
    "startTime": "2025-11-26T05:23:16.847Z",
    "status": "in_progress",
    "totalQuestions": 3,
    "attemptDetails": []
  },
  {
    "id": 5064,
    "userId": 1,
    "templateId": 2,
    "startTime": "2025-11-26T05:28:04.443Z",
    "status": "in_progress",
    "totalQuestions": 3,
    "attemptDetails": []
  },
  {
    "id": 5065,
    "userId": 1,
    "templateId": 2,
    "startTime": "2025-11-26T05:28:04.464Z",
    "status": "in_progress",
    "totalQuestions": 3,
    "attemptDetails": []
  },
  {
    "id": 5066,
    "userId": 1,
    "templateId": 2,
    "startTime": "2025-11-26T05:28:06.408Z",
    "status": "in_progress",
    "totalQuestions": 3,
    "attemptDetails": []
  },
  {
    "id": 5067,
    "userId": 1,
    "templateId": 3,
    "startTime": "2025-11-26T05:28:13.188Z",
    "status": "in_progress",
    "totalQuestions": 3,
    "attemptDetails": []
  },
  {
    "id": 5068,
    "userId": 1,
    "templateId": 3,
    "startTime": "2025-11-26T05:28:13.206Z",
    "status": "in_progress",
    "totalQuestions": 3,
    "attemptDetails": []
  },
  {
    "id": 5069,
    "userId": 1,
    "templateId": 4,
    "startTime": "2025-11-26T05:28:15.086Z",
    "status": "in_progress",
    "totalQuestions": 2,
    "attemptDetails": []
  },
  {
    "id": 5070,
    "userId": 1,
    "templateId": 4,
    "startTime": "2025-11-26T05:28:15.109Z",
    "status": "in_progress",
    "totalQuestions": 2,
    "attemptDetails": []
  },
  {
    "id": 5071,
    "userId": 1,
    "templateId": 2,
    "startTime": "2025-11-26T05:28:21.661Z",
    "status": "in_progress",
    "totalQuestions": 3,
    "attemptDetails": []
  },
  {
    "id": 5072,
    "userId": 1,
    "templateId": 2,
    "startTime": "2025-11-26T05:28:21.681Z",
    "status": "in_progress",
    "totalQuestions": 3,
    "attemptDetails": []
  },
  {
    "id": 5073,
    "userId": 1,
    "templateId": 3,
    "startTime": "2025-11-26T05:28:23.919Z",
    "status": "in_progress",
    "totalQuestions": 3,
    "attemptDetails": []
  },
  {
    "id": 5074,
    "userId": 1,
    "templateId": 3,
    "startTime": "2025-11-26T05:28:23.938Z",
    "status": "in_progress",
    "totalQuestions": 3,
    "attemptDetails": []
  },
  {
    "id": 5075,
    "userId": 1,
    "templateId": 4,
    "startTime": "2025-11-26T05:28:26.088Z",
    "status": "in_progress",
    "totalQuestions": 2,
    "attemptDetails": []
  },
  {
    "id": 5076,
    "userId": 1,
    "templateId": 4,
    "startTime": "2025-11-26T05:28:26.111Z",
    "status": "in_progress",
    "totalQuestions": 2,
    "attemptDetails": []
  },
  {
    "id": 5077,
    "userId": 1,
    "templateId": 2,
    "startTime": "2025-11-26T05:29:50.677Z",
    "status": "in_progress",
    "totalQuestions": 3,
    "attemptDetails": []
  },
  {
    "id": 5078,
    "userId": 1,
    "templateId": 2,
    "startTime": "2025-11-26T05:29:50.694Z",
    "status": "in_progress",
    "totalQuestions": 3,
    "attemptDetails": []
  },
  {
    "id": 5079,
    "userId": 1,
    "templateId": 2,
    "startTime": "2025-11-26T05:29:53.856Z",
    "status": "in_progress",
    "totalQuestions": 3,
    "attemptDetails": []
  },
  {
    "id": 5080,
    "userId": 1,
    "templateId": 2,
    "startTime": "2025-11-26T05:29:53.876Z",
    "status": "in_progress",
    "totalQuestions": 3,
    "attemptDetails": []
  },
  {
    "id": 5081,
    "userId": 1,
    "templateId": 2,
    "startTime": "2025-11-26T05:31:32.643Z",
    "status": "in_progress",
    "totalQuestions": 3,
    "attemptDetails": []
  },
  {
    "id": 5082,
    "userId": 1,
    "templateId": 2,
    "startTime": "2025-11-26T05:31:32.662Z",
    "status": "in_progress",
    "totalQuestions": 3,
    "attemptDetails": []
  },
  {
    "id": 5083,
    "userId": 1,
    "templateId": 3,
    "startTime": "2025-11-26T05:31:41.845Z",
    "status": "in_progress",
    "totalQuestions": 3,
    "attemptDetails": []
  },
  {
    "id": 5084,
    "userId": 1,
    "templateId": 3,
    "startTime": "2025-11-26T05:31:41.864Z",
    "status": "in_progress",
    "totalQuestions": 3,
    "attemptDetails": []
  },
  {
    "id": 5085,
    "userId": 1,
    "templateId": 4,
    "startTime": "2025-11-26T05:31:43.699Z",
    "status": "in_progress",
    "totalQuestions": 2,
    "attemptDetails": []
  },
  {
    "id": 5086,
    "userId": 1,
    "templateId": 4,
    "startTime": "2025-11-26T05:31:43.718Z",
    "status": "in_progress",
    "totalQuestions": 2,
    "attemptDetails": []
  },
  {
    "id": 5087,
    "userId": 1,
    "templateId": 2,
    "startTime": "2025-11-26T07:48:58.955Z",
    "status": "in_progress",
    "totalQuestions": 4,
    "attemptDetails": []
  },
  {
    "id": 5088,
    "userId": 1,
    "templateId": 2,
    "startTime": "2025-11-26T07:48:58.997Z",
    "status": "completed",
    "totalQuestions": 4,
    "attemptDetails": [
      {
        "questionId": 101,
        "submittedOptionId": 1003,
        "isCorrect": true
      },
      {
        "questionId": 103,
        "submittedOptionId": 1011,
        "isCorrect": true
      },
      {
        "questionId": 104,
        "submittedOptionId": 1014,
        "isCorrect": false
      }
    ],
    "endTime": "2025-11-26T07:49:17.365Z",
    "score": 2,
    "percentage": 50,
    "passed": true
  },
  {
    "id": 5089,
    "userId": 1,
    "templateId": 3,
    "startTime": "2025-11-26T07:51:33.741Z",
    "status": "in_progress",
    "totalQuestions": 3,
    "attemptDetails": []
  },
  {
    "id": 5090,
    "userId": 1,
    "templateId": 3,
    "startTime": "2025-11-26T07:51:33.765Z",
    "status": "in_progress",
    "totalQuestions": 3,
    "attemptDetails": []
  },
  {
    "id": 5091,
    "userId": 1,
    "templateId": 4,
    "startTime": "2025-11-26T07:51:38.070Z",
    "status": "in_progress",
    "totalQuestions": 2,
    "attemptDetails": []
  },
  {
    "id": 5092,
    "userId": 1,
    "templateId": 4,
    "startTime": "2025-11-26T07:51:38.096Z",
    "status": "in_progress",
    "totalQuestions": 2,
    "attemptDetails": []
  },
  {
    "id": 5093,
    "userId": 1,
    "templateId": 4,
    "startTime": "2025-11-26T07:51:44.148Z",
    "status": "in_progress",
    "totalQuestions": 2,
    "attemptDetails": []
  },
  {
    "id": 5094,
    "userId": 1,
    "templateId": 3,
    "startTime": "2025-11-26T08:10:18.361Z",
    "status": "in_progress",
    "totalQuestions": 3,
    "attemptDetails": []
  },
  {
    "id": 5095,
    "userId": 1,
    "templateId": 3,
    "startTime": "2025-11-26T08:10:21.008Z",
    "status": "in_progress",
    "totalQuestions": 3,
    "attemptDetails": []
  },
  {
    "id": 5096,
    "userId": 1,
    "templateId": 4,
    "startTime": "2025-11-26T08:10:22.845Z",
    "status": "in_progress",
    "totalQuestions": 2,
    "attemptDetails": []
  },
  {
    "id": 5097,
    "userId": 1,
    "templateId": 4,
    "startTime": "2025-11-26T08:10:22.877Z",
    "status": "in_progress",
    "totalQuestions": 2,
    "attemptDetails": []
  },
  {
    "id": 5098,
    "userId": 1,
    "templateId": 2,
    "startTime": "2025-11-26T08:10:27.824Z",
    "status": "in_progress",
    "totalQuestions": 4,
    "attemptDetails": []
  },
  {
    "id": 5099,
    "userId": 1,
    "templateId": 2,
    "startTime": "2025-11-26T08:10:27.853Z",
    "status": "in_progress",
    "totalQuestions": 4,
    "attemptDetails": []
  },
  {
    "id": 5100,
    "userId": 1,
    "templateId": 2,
    "startTime": "2025-11-26T08:10:40.019Z",
    "status": "in_progress",
    "totalQuestions": 4,
    "attemptDetails": []
  },
  {
    "id": 5101,
    "userId": 1,
    "templateId": 2,
    "startTime": "2025-11-26T08:10:40.045Z",
    "status": "in_progress",
    "totalQuestions": 4,
    "attemptDetails": []
  },
  {
    "id": 5102,
    "userId": 1,
    "templateId": 2,
    "startTime": "2025-11-26T08:10:43.240Z",
    "status": "completed",
    "totalQuestions": 4,
    "attemptDetails": [],
    "endTime": "2025-11-26T08:10:51.367Z",
    "score": 0,
    "percentage": 0,
    "passed": true
  },
  {
    "id": 5103,
    "userId": 1,
    "templateId": 2,
    "startTime": "2025-11-26T08:11:32.271Z",
    "status": "in_progress",
    "totalQuestions": 4,
    "attemptDetails": []
  },
  {
    "id": 5104,
    "userId": 1,
    "templateId": 2,
    "startTime": "2025-11-26T08:11:32.304Z",
    "status": "in_progress",
    "totalQuestions": 4,
    "attemptDetails": []
  },
  {
    "id": 5105,
    "userId": 1,
    "templateId": 2,
    "startTime": "2025-11-26T08:11:38.799Z",
    "status": "in_progress",
    "totalQuestions": 4,
    "attemptDetails": []
  },
  {
    "id": 5106,
    "userId": 1,
    "templateId": 2,
    "startTime": "2025-11-26T08:11:41.130Z",
    "status": "in_progress",
    "totalQuestions": 4,
    "attemptDetails": []
  },
  {
    "id": 5107,
    "userId": 1,
    "templateId": 2,
    "startTime": "2025-11-26T08:11:48.677Z",
    "status": "completed",
    "totalQuestions": 4,
    "attemptDetails": [],
    "endTime": "2025-11-26T08:12:48.090Z",
    "score": 0,
    "percentage": 0,
    "passed": true
  },
  {
    "id": 5108,
    "userId": 1,
    "templateId": 4,
    "startTime": "2025-11-26T08:14:23.355Z",
    "status": "in_progress",
    "totalQuestions": 2,
    "attemptDetails": []
  },
  {
    "id": 5109,
    "userId": 1,
    "templateId": 4,
    "startTime": "2025-11-26T08:14:23.380Z",
    "status": "completed",
    "totalQuestions": 2,
    "attemptDetails": [
      {
        "questionId": 101,
        "userAnswer": 1003,
        "earnedPoints": {
          "questionId": 0,
          "isCorrect": true,
          "score": 1,
          "maxScore": 1,
          "percentage": 100
        },
        "maxPoints": 1,
        "isCorrect": true
      },
      {
        "questionId": 103,
        "userAnswer": 1011,
        "earnedPoints": {
          "questionId": 0,
          "isCorrect": true,
          "score": 1,
          "maxScore": 1,
          "percentage": 100
        },
        "maxPoints": 1,
        "isCorrect": true
      }
    ],
    "endTime": "2025-11-26T08:14:30.122Z",
    "score": null,
    "maxScore": null,
    "percentage": 0,
    "passed": false,
    "correctCount": 2
  },
  {
    "id": 5110,
    "userId": 1,
    "templateId": 2,
    "startTime": "2025-11-26T08:15:13.806Z",
    "status": "in_progress",
    "totalQuestions": 4,
    "attemptDetails": []
  },
  {
    "id": 5111,
    "userId": 1,
    "templateId": 2,
    "startTime": "2025-11-26T08:15:13.835Z",
    "status": "completed",
    "totalQuestions": 4,
    "attemptDetails": [
      {
        "questionId": 101,
        "userAnswer": 1003,
        "earnedPoints": {
          "questionId": 0,
          "isCorrect": true,
          "score": 1,
          "maxScore": 1,
          "percentage": 100
        },
        "maxPoints": 1,
        "isCorrect": true
      },
      {
        "questionId": 103,
        "userAnswer": 1011,
        "earnedPoints": {
          "questionId": 0,
          "isCorrect": true,
          "score": 1,
          "maxScore": 1,
          "percentage": 100
        },
        "maxPoints": 1,
        "isCorrect": true
      }
    ],
    "endTime": "2025-11-26T08:15:23.083Z",
    "score": null,
    "maxScore": null,
    "percentage": 0,
    "passed": true,
    "correctCount": 2
  },
  {
    "id": 5112,
    "userId": 1,
    "templateId": 2,
    "startTime": "2025-11-26T08:15:59.432Z",
    "status": "in_progress",
    "totalQuestions": 4,
    "attemptDetails": []
  },
  {
    "id": 5113,
    "userId": 1,
    "templateId": 2,
    "startTime": "2025-11-26T08:15:59.453Z",
    "status": "completed",
    "totalQuestions": 4,
    "attemptDetails": [
      {
        "questionId": 101,
        "userAnswer": 1003,
        "earnedPoints": {
          "questionId": 0,
          "isCorrect": true,
          "score": 1,
          "maxScore": 1,
          "percentage": 100
        },
        "maxPoints": 1,
        "isCorrect": true
      }
    ],
    "endTime": "2025-11-26T08:16:03.528Z",
    "score": null,
    "maxScore": null,
    "percentage": 0,
    "passed": true,
    "correctCount": 1
  },
  {
    "id": 5114,
    "userId": 1,
    "templateId": 2,
    "startTime": "2025-11-26T08:17:48.436Z",
    "status": "completed",
    "totalQuestions": 4,
    "attemptDetails": [
      {
        "questionId": 101,
        "userAnswer": 1003,
        "earnedPoints": 1,
        "maxPoints": 1,
        "isCorrect": true
      }
    ],
    "endTime": "2025-11-26T08:17:51.248Z",
    "score": 1,
    "maxScore": 1,
    "percentage": 100,
    "passed": true,
    "correctCount": 1
  },
  {
    "id": 5115,
    "userId": 1,
    "templateId": 2,
    "startTime": "2025-11-26T08:19:43.523Z",
    "status": "in_progress",
    "totalQuestions": 4,
    "attemptDetails": []
  },
  {
    "id": 5116,
    "userId": 1,
    "templateId": 2,
    "startTime": "2025-11-26T08:19:43.551Z",
    "status": "completed",
    "totalQuestions": 4,
    "attemptDetails": [
      {
        "questionId": 101,
        "userAnswer": null,
        "earnedPoints": 0,
        "maxPoints": 1,
        "isCorrect": false
      },
      {
        "questionId": 103,
        "userAnswer": null,
        "earnedPoints": 0,
        "maxPoints": 1,
        "isCorrect": false
      },
      {
        "questionId": 104,
        "userAnswer": null,
        "earnedPoints": 0,
        "maxPoints": 2,
        "isCorrect": false
      },
      {
        "questionId": 105,
        "userAnswer": null,
        "earnedPoints": 0,
        "maxPoints": 1,
        "isCorrect": false
      }
    ],
    "endTime": "2025-11-26T08:19:45.440Z",
    "score": 0,
    "maxScore": 5,
    "percentage": 0,
    "passed": true,
    "correctCount": 0
  },
  {
    "id": 5117,
    "userId": 1,
    "templateId": 2,
    "startTime": "2025-11-26T08:19:50.177Z",
    "status": "in_progress",
    "totalQuestions": 4,
    "attemptDetails": []
  },
  {
    "id": 5118,
    "userId": 1,
    "templateId": 2,
    "startTime": "2025-11-26T08:19:50.201Z",
    "status": "completed",
    "totalQuestions": 4,
    "attemptDetails": [
      {
        "questionId": 101,
        "userAnswer": 1003,
        "earnedPoints": 1,
        "maxPoints": 1,
        "isCorrect": true
      },
      {
        "questionId": 103,
        "userAnswer": null,
        "earnedPoints": 0,
        "maxPoints": 1,
        "isCorrect": false
      },
      {
        "questionId": 104,
        "userAnswer": null,
        "earnedPoints": 0,
        "maxPoints": 2,
        "isCorrect": false
      },
      {
        "questionId": 105,
        "userAnswer": null,
        "earnedPoints": 0,
        "maxPoints": 1,
        "isCorrect": false
      }
    ],
    "endTime": "2025-11-26T08:19:54.017Z",
    "score": 1,
    "maxScore": 5,
    "percentage": 25,
    "passed": true,
    "correctCount": 1
  },
  {
    "id": 5119,
    "userId": 1,
    "templateId": 2,
    "startTime": "2025-11-26T08:20:10.903Z",
    "status": "in_progress",
    "totalQuestions": 4,
    "attemptDetails": []
  },
  {
    "id": 5120,
    "userId": 1,
    "templateId": 2,
    "startTime": "2025-11-26T08:20:10.935Z",
    "status": "completed",
    "totalQuestions": 4,
    "attemptDetails": [
      {
        "questionId": 101,
        "userAnswer": 1002,
        "earnedPoints": 0,
        "maxPoints": 1,
        "isCorrect": false
      },
      {
        "questionId": 103,
        "userAnswer": 1011,
        "earnedPoints": 1,
        "maxPoints": 1,
        "isCorrect": true
      },
      {
        "questionId": 104,
        "userAnswer": 1015,
        "earnedPoints": 0,
        "maxPoints": 2,
        "isCorrect": false
      },
      {
        "questionId": 105,
        "userAnswer": 1018,
        "earnedPoints": 0,
        "maxPoints": 1,
        "isCorrect": false
      }
    ],
    "endTime": "2025-11-26T08:20:18.386Z",
    "score": 1,
    "maxScore": 5,
    "percentage": 25,
    "passed": true,
    "correctCount": 1
  },
  {
    "id": 5121,
    "userId": 1,
    "templateId": 2,
    "startTime": "2025-11-26T08:20:29.608Z",
    "status": "in_progress",
    "totalQuestions": 4,
    "attemptDetails": []
  },
  {
    "id": 5122,
    "userId": 1,
    "templateId": 2,
    "startTime": "2025-11-26T08:20:29.639Z",
    "status": "completed",
    "totalQuestions": 4,
    "attemptDetails": [
      {
        "questionId": 101,
        "userAnswer": null,
        "earnedPoints": 0,
        "maxPoints": 1,
        "isCorrect": false
      },
      {
        "questionId": 103,
        "userAnswer": null,
        "earnedPoints": 0,
        "maxPoints": 1,
        "isCorrect": false
      },
      {
        "questionId": 104,
        "userAnswer": null,
        "earnedPoints": 0,
        "maxPoints": 2,
        "isCorrect": false
      },
      {
        "questionId": 105,
        "userAnswer": null,
        "earnedPoints": 0,
        "maxPoints": 1,
        "isCorrect": false
      }
    ],
    "endTime": "2025-11-26T08:20:32.089Z",
    "score": 0,
    "maxScore": 5,
    "percentage": 0,
    "passed": true,
    "correctCount": 0
  },
  {
    "id": 5123,
    "userId": 1,
    "templateId": 2,
    "startTime": "2025-11-26T08:21:34.459Z",
    "status": "in_progress",
    "totalQuestions": 4,
    "attemptDetails": []
  },
  {
    "id": 5124,
    "userId": 1,
    "templateId": 2,
    "startTime": "2025-11-26T08:21:34.490Z",
    "status": "completed",
    "totalQuestions": 4,
    "attemptDetails": [
      {
        "questionId": 101,
        "userAnswer": null,
        "earnedPoints": 0,
        "maxPoints": 1,
        "isCorrect": false
      },
      {
        "questionId": 103,
        "userAnswer": null,
        "earnedPoints": 0,
        "maxPoints": 1,
        "isCorrect": false
      },
      {
        "questionId": 104,
        "userAnswer": null,
        "earnedPoints": 0,
        "maxPoints": 2,
        "isCorrect": false
      },
      {
        "questionId": 105,
        "userAnswer": null,
        "earnedPoints": 0,
        "maxPoints": 1,
        "isCorrect": false
      }
    ],
    "endTime": "2025-11-26T08:21:36.136Z",
    "score": 0,
    "maxScore": 5,
    "percentage": 0,
    "passed": false,
    "correctCount": 0
  },
  {
    "id": 5125,
    "userId": 1,
    "templateId": 2,
    "startTime": "2025-11-26T08:21:41.187Z",
    "status": "in_progress",
    "totalQuestions": 4,
    "attemptDetails": []
  },
  {
    "id": 5126,
    "userId": 1,
    "templateId": 2,
    "startTime": "2025-11-26T08:21:41.216Z",
    "status": "completed",
    "totalQuestions": 4,
    "attemptDetails": [
      {
        "questionId": 101,
        "userAnswer": 1003,
        "earnedPoints": 1,
        "maxPoints": 1,
        "isCorrect": true
      },
      {
        "questionId": 103,
        "userAnswer": 1011,
        "earnedPoints": 1,
        "maxPoints": 1,
        "isCorrect": true
      },
      {
        "questionId": 104,
        "userAnswer": null,
        "earnedPoints": 0,
        "maxPoints": 2,
        "isCorrect": false
      },
      {
        "questionId": 105,
        "userAnswer": null,
        "earnedPoints": 0,
        "maxPoints": 1,
        "isCorrect": false
      }
    ],
    "endTime": "2025-11-26T08:21:46.170Z",
    "score": 2,
    "maxScore": 5,
    "percentage": 50,
    "passed": true,
    "correctCount": 2
  },
  {
    "id": 5127,
    "userId": 1,
    "templateId": 2,
    "startTime": "2025-11-26T08:22:01.408Z",
    "status": "in_progress",
    "totalQuestions": 4,
    "attemptDetails": []
  },
  {
    "id": 5128,
    "userId": 1,
    "templateId": 2,
    "startTime": "2025-11-26T08:22:03.610Z",
    "status": "in_progress",
    "totalQuestions": 4,
    "attemptDetails": []
  },
  {
    "id": 5129,
    "userId": 1,
    "templateId": 2,
    "startTime": "2025-11-26T08:22:03.643Z",
    "status": "in_progress",
    "totalQuestions": 4,
    "attemptDetails": []
  },
  {
    "id": 5130,
    "userId": 1,
    "templateId": 2,
    "startTime": "2025-11-26T08:22:05.993Z",
    "status": "completed",
    "totalQuestions": 4,
    "attemptDetails": [
      {
        "questionId": 101,
        "userAnswer": 1003,
        "earnedPoints": 1,
        "maxPoints": 1,
        "isCorrect": true
      },
      {
        "questionId": 103,
        "userAnswer": null,
        "earnedPoints": 0,
        "maxPoints": 1,
        "isCorrect": false
      },
      {
        "questionId": 104,
        "userAnswer": null,
        "earnedPoints": 0,
        "maxPoints": 2,
        "isCorrect": false
      },
      {
        "questionId": 105,
        "userAnswer": null,
        "earnedPoints": 0,
        "maxPoints": 1,
        "isCorrect": false
      }
    ],
    "endTime": "2025-11-26T08:22:10.496Z",
    "score": 1,
    "maxScore": 5,
    "percentage": 25,
    "passed": false,
    "correctCount": 1
  },
  {
    "id": 5131,
    "userId": 1,
    "templateId": 2,
    "startTime": "2025-11-26T08:22:19.933Z",
    "status": "in_progress",
    "totalQuestions": 4,
    "attemptDetails": []
  },
  {
    "id": 5132,
    "userId": 1,
    "templateId": 2,
    "startTime": "2025-11-26T08:22:23.081Z",
    "status": "in_progress",
    "totalQuestions": 4,
    "attemptDetails": []
  },
  {
    "id": 5133,
    "userId": 1,
    "templateId": 2,
    "startTime": "2025-11-26T08:22:23.115Z",
    "status": "in_progress",
    "totalQuestions": 4,
    "attemptDetails": []
  },
  {
    "id": 5134,
    "userId": 1,
    "templateId": 2,
    "startTime": "2025-11-26T08:22:25.178Z",
    "status": "in_progress",
    "totalQuestions": 4,
    "attemptDetails": []
  },
  {
    "id": 5135,
    "userId": 1,
    "templateId": 2,
    "startTime": "2025-11-26T08:22:26.834Z",
    "status": "completed",
    "totalQuestions": 4,
    "attemptDetails": [
      {
        "questionId": 101,
        "userAnswer": 1003,
        "earnedPoints": 1,
        "maxPoints": 1,
        "isCorrect": true
      },
      {
        "questionId": 103,
        "userAnswer": 1011,
        "earnedPoints": 1,
        "maxPoints": 1,
        "isCorrect": true
      },
      {
        "questionId": 104,
        "userAnswer": 1013,
        "earnedPoints": 0,
        "maxPoints": 2,
        "isCorrect": false
      },
      {
        "questionId": 105,
        "userAnswer": 1017,
        "earnedPoints": 1,
        "maxPoints": 1,
        "isCorrect": true
      }
    ],
    "endTime": "2025-11-26T08:22:50.481Z",
    "score": 3,
    "maxScore": 5,
    "percentage": 75,
    "passed": true,
    "correctCount": 3
  },
  {
    "id": 5136,
    "userId": 1,
    "templateId": 3,
    "startTime": "2025-11-26T08:23:06.803Z",
    "status": "in_progress",
    "totalQuestions": 3,
    "attemptDetails": []
  },
  {
    "id": 5137,
    "userId": 1,
    "templateId": 3,
    "startTime": "2025-11-26T08:23:06.827Z",
    "status": "in_progress",
    "totalQuestions": 3,
    "attemptDetails": []
  },
  {
    "id": 5138,
    "userId": 1,
    "templateId": 2,
    "startTime": "2025-11-26T08:23:09.936Z",
    "status": "in_progress",
    "totalQuestions": 4,
    "attemptDetails": []
  },
  {
    "id": 5139,
    "userId": 1,
    "templateId": 2,
    "startTime": "2025-11-26T08:23:10.015Z",
    "status": "in_progress",
    "totalQuestions": 4,
    "attemptDetails": []
  },
  {
    "id": 5140,
    "userId": 1,
    "templateId": 2,
    "startTime": "2025-11-26T08:23:11.971Z",
    "status": "completed",
    "totalQuestions": 4,
    "attemptDetails": [
      {
        "questionId": 101,
        "userAnswer": null,
        "earnedPoints": 0,
        "maxPoints": 1,
        "isCorrect": false
      },
      {
        "questionId": 103,
        "userAnswer": null,
        "earnedPoints": 0,
        "maxPoints": 1,
        "isCorrect": false
      },
      {
        "questionId": 104,
        "userAnswer": null,
        "earnedPoints": 0,
        "maxPoints": 2,
        "isCorrect": false
      },
      {
        "questionId": 105,
        "userAnswer": null,
        "earnedPoints": 0,
        "maxPoints": 1,
        "isCorrect": false
      }
    ],
    "endTime": "2025-11-26T08:23:15.504Z",
    "score": 0,
    "maxScore": 5,
    "percentage": 0,
    "passed": false,
    "correctCount": 0
  },
  {
    "id": 5141,
    "userId": 1,
    "templateId": 2,
    "startTime": "2025-11-26T08:25:50.626Z",
    "status": "in_progress",
    "totalQuestions": 4,
    "attemptDetails": []
  },
  {
    "id": 5142,
    "userId": 1,
    "templateId": 2,
    "startTime": "2025-11-26T08:25:50.675Z",
    "status": "in_progress",
    "totalQuestions": 4,
    "attemptDetails": []
  },
  {
    "id": 5143,
    "userId": 1,
    "templateId": 3,
    "startTime": "2025-11-26T08:25:58.994Z",
    "status": "in_progress",
    "totalQuestions": 3,
    "attemptDetails": []
  },
  {
    "id": 5144,
    "userId": 1,
    "templateId": 3,
    "startTime": "2025-11-26T08:26:02.245Z",
    "status": "in_progress",
    "totalQuestions": 3,
    "attemptDetails": []
  },
  {
    "id": 5145,
    "userId": 1,
    "templateId": 4,
    "startTime": "2025-11-26T08:26:04.488Z",
    "status": "in_progress",
    "totalQuestions": 2,
    "attemptDetails": []
  },
  {
    "id": 5146,
    "userId": 1,
    "templateId": 4,
    "startTime": "2025-11-26T08:26:06.758Z",
    "status": "in_progress",
    "totalQuestions": 2,
    "attemptDetails": []
  },
  {
    "id": 5147,
    "userId": 1,
    "templateId": 4,
    "startTime": "2025-11-26T08:26:06.786Z",
    "status": "in_progress",
    "totalQuestions": 2,
    "attemptDetails": []
  },
  {
    "id": 5148,
    "userId": 1,
    "templateId": 4,
    "startTime": "2025-11-26T08:28:02.030Z",
    "status": "in_progress",
    "totalQuestions": 2,
    "attemptDetails": []
  },
  {
    "id": 5149,
    "userId": 1,
    "templateId": 3,
    "startTime": "2025-11-26T08:28:41.606Z",
    "status": "in_progress",
    "totalQuestions": 3,
    "attemptDetails": []
  },
  {
    "id": 5150,
    "userId": 1,
    "templateId": 3,
    "startTime": "2025-11-26T08:28:41.634Z",
    "status": "in_progress",
    "totalQuestions": 3,
    "attemptDetails": []
  },
  {
    "id": 5151,
    "userId": 1,
    "templateId": 5,
    "startTime": "2025-11-26T08:29:52.033Z",
    "status": "in_progress",
    "totalQuestions": 6,
    "attemptDetails": []
  },
  {
    "id": 5152,
    "userId": 1,
    "templateId": 5,
    "startTime": "2025-11-26T08:29:54.379Z",
    "status": "in_progress",
    "totalQuestions": 6,
    "attemptDetails": []
  },
  {
    "id": 5153,
    "userId": 1,
    "templateId": 5,
    "startTime": "2025-11-26T08:29:59.300Z",
    "status": "in_progress",
    "totalQuestions": 6,
    "attemptDetails": []
  },
  {
    "id": 5154,
    "userId": 1,
    "templateId": 5,
    "startTime": "2025-11-26T08:29:59.327Z",
    "status": "in_progress",
    "totalQuestions": 6,
    "attemptDetails": []
  },
  {
    "id": 5155,
    "userId": 1,
    "templateId": 5,
    "startTime": "2025-11-26T08:30:06.215Z",
    "status": "in_progress",
    "totalQuestions": 6,
    "attemptDetails": []
  },
  {
    "id": 5156,
    "userId": 1,
    "templateId": 5,
    "startTime": "2025-11-26T08:30:38.909Z",
    "status": "in_progress",
    "totalQuestions": 6,
    "attemptDetails": []
  },
  {
    "id": 5157,
    "userId": 1,
    "templateId": 5,
    "startTime": "2025-11-26T08:31:07.849Z",
    "status": "in_progress",
    "totalQuestions": 6,
    "attemptDetails": []
  },
  {
    "id": 5158,
    "userId": 1,
    "templateId": 5,
    "startTime": "2025-11-26T08:31:36.752Z",
    "status": "in_progress",
    "totalQuestions": 6,
    "attemptDetails": []
  },
  {
    "id": 5159,
    "userId": 1,
    "templateId": 5,
    "startTime": "2025-11-26T08:31:41.932Z",
    "status": "in_progress",
    "totalQuestions": 6,
    "attemptDetails": []
  },
  {
    "id": 5160,
    "userId": 1,
    "templateId": 5,
    "startTime": "2025-11-26T08:31:45.129Z",
    "status": "in_progress",
    "totalQuestions": 6,
    "attemptDetails": []
  },
  {
    "id": 5161,
    "userId": 1,
    "templateId": 5,
    "startTime": "2025-11-26T08:32:16.408Z",
    "status": "in_progress",
    "totalQuestions": 6,
    "attemptDetails": []
  },
  {
    "id": 5162,
    "userId": 1,
    "templateId": 5,
    "startTime": "2025-11-26T08:32:16.445Z",
    "status": "in_progress",
    "totalQuestions": 6,
    "attemptDetails": []
  },
  {
    "id": 5163,
    "userId": 1,
    "templateId": 5,
    "startTime": "2025-11-26T08:32:22.894Z",
    "status": "in_progress",
    "totalQuestions": 6,
    "attemptDetails": []
  },
  {
    "id": 5164,
    "userId": 1,
    "templateId": 5,
    "startTime": "2025-11-26T08:33:36.848Z",
    "status": "in_progress",
    "totalQuestions": 6,
    "attemptDetails": []
  },
  {
    "id": 5165,
    "userId": 1,
    "templateId": 5,
    "startTime": "2025-11-26T08:33:57.842Z",
    "status": "in_progress",
    "totalQuestions": 6,
    "attemptDetails": []
  },
  {
    "id": 5166,
    "userId": 1,
    "templateId": 5,
    "startTime": "2025-11-26T08:34:28.566Z",
    "status": "in_progress",
    "totalQuestions": 6,
    "attemptDetails": []
  },
  {
    "id": 5167,
    "userId": 1,
    "templateId": 5,
    "startTime": "2025-11-26T08:34:45.522Z",
    "status": "in_progress",
    "totalQuestions": 6,
    "attemptDetails": []
  },
  {
    "id": 5168,
    "userId": 1,
    "templateId": 5,
    "startTime": "2025-11-26T08:34:49.906Z",
    "status": "in_progress",
    "totalQuestions": 6,
    "attemptDetails": []
  },
  {
    "id": 5169,
    "userId": 1,
    "templateId": 5,
    "startTime": "2025-11-26T08:34:55.540Z",
    "status": "completed",
    "totalQuestions": 6,
    "attemptDetails": [
      {
        "questionId": 101,
        "userAnswer": null,
        "earnedPoints": 0,
        "maxPoints": 1,
        "isCorrect": false
      },
      {
        "questionId": 102,
        "userAnswer": null,
        "earnedPoints": 0,
        "maxPoints": 2,
        "isCorrect": false
      },
      {
        "questionId": 106,
        "userAnswer": null,
        "earnedPoints": 0,
        "maxPoints": 1,
        "isCorrect": false
      },
      {
        "questionId": 108,
        "userAnswer": null,
        "earnedPoints": 0,
        "maxPoints": 2,
        "isCorrect": false
      },
      {
        "questionId": 109,
        "userAnswer": null,
        "earnedPoints": 0,
        "maxPoints": 3,
        "isCorrect": false
      },
      {
        "questionId": 110,
        "userAnswer": "dom",
        "earnedPoints": 0,
        "maxPoints": 1,
        "isCorrect": false
      }
    ],
    "endTime": "2025-11-26T08:35:04.237Z",
    "score": 0,
    "maxScore": 10,
    "percentage": 0,
    "passed": false,
    "correctCount": 0
  },
  {
    "id": 5170,
    "userId": 1,
    "templateId": 5,
    "startTime": "2025-11-26T08:35:23.929Z",
    "status": "in_progress",
    "totalQuestions": 6,
    "attemptDetails": []
  },
  {
    "id": 5171,
    "userId": 1,
    "templateId": 5,
    "startTime": "2025-11-26T08:35:30.271Z",
    "status": "in_progress",
    "totalQuestions": 6,
    "attemptDetails": []
  },
  {
    "id": 5172,
    "userId": 1,
    "templateId": 5,
    "startTime": "2025-11-26T08:35:36.509Z",
    "status": "in_progress",
    "totalQuestions": 6,
    "attemptDetails": []
  },
  {
    "id": 5173,
    "userId": 1,
    "templateId": 5,
    "startTime": "2025-11-26T08:35:57.484Z",
    "status": "in_progress",
    "totalQuestions": 6,
    "attemptDetails": []
  },
  {
    "id": 5174,
    "userId": 1,
    "templateId": 5,
    "startTime": "2025-11-26T08:36:37.366Z",
    "status": "in_progress",
    "totalQuestions": 6,
    "attemptDetails": []
  },
  {
    "id": 5175,
    "userId": 1,
    "templateId": 5,
    "startTime": "2025-11-26T08:37:02.383Z",
    "status": "in_progress",
    "totalQuestions": 6,
    "attemptDetails": []
  },
  {
    "id": 5176,
    "userId": 1,
    "templateId": 5,
    "startTime": "2025-11-26T08:37:04.977Z",
    "status": "completed",
    "totalQuestions": 6,
    "attemptDetails": [
      {
        "questionId": 101,
        "userAnswer": null,
        "earnedPoints": 0,
        "maxPoints": 1,
        "isCorrect": false
      },
      {
        "questionId": 102,
        "userAnswer": null,
        "earnedPoints": 0,
        "maxPoints": 2,
        "isCorrect": false
      },
      {
        "questionId": 106,
        "userAnswer": null,
        "earnedPoints": 0,
        "maxPoints": 1,
        "isCorrect": false
      },
      {
        "questionId": 108,
        "userAnswer": [
          "componentWillUnmount",
          "componentDidMount",
          "constructor",
          "render"
        ],
        "earnedPoints": 0.5,
        "maxPoints": 2,
        "isCorrect": false
      },
      {
        "questionId": 109,
        "userAnswer": null,
        "earnedPoints": 0,
        "maxPoints": 3,
        "isCorrect": false
      },
      {
        "questionId": 110,
        "userAnswer": "vitrual dom",
        "earnedPoints": 0,
        "maxPoints": 1,
        "isCorrect": false
      }
    ],
    "endTime": "2025-11-26T08:37:21.632Z",
    "score": 0.5,
    "maxScore": 10,
    "percentage": 0,
    "passed": false,
    "correctCount": 0
  },
  {
    "id": 5177,
    "userId": 1,
    "templateId": 5,
    "startTime": "2025-11-26T08:37:37.967Z",
    "status": "in_progress",
    "totalQuestions": 6,
    "attemptDetails": []
  },
  {
    "id": 5178,
    "userId": 1,
    "templateId": 5,
    "startTime": "2025-11-26T08:37:40.257Z",
    "status": "in_progress",
    "totalQuestions": 6,
    "attemptDetails": []
  },
  {
    "id": 5179,
    "userId": 1,
    "templateId": 5,
    "startTime": "2025-11-26T08:37:45.200Z",
    "status": "in_progress",
    "totalQuestions": 6,
    "attemptDetails": []
  },
  {
    "id": 5180,
    "userId": 1,
    "templateId": 5,
    "startTime": "2025-11-26T08:38:12.932Z",
    "status": "in_progress",
    "totalQuestions": 6,
    "attemptDetails": []
  },
  {
    "id": 5181,
    "userId": 1,
    "templateId": 5,
    "startTime": "2025-11-26T08:38:12.971Z",
    "status": "completed",
    "totalQuestions": 6,
    "attemptDetails": [
      {
        "questionId": 101,
        "userAnswer": null,
        "earnedPoints": 0,
        "maxPoints": 1,
        "isCorrect": false
      },
      {
        "questionId": 102,
        "userAnswer": null,
        "earnedPoints": 0,
        "maxPoints": 2,
        "isCorrect": false
      },
      {
        "questionId": 106,
        "userAnswer": null,
        "earnedPoints": 0,
        "maxPoints": 1,
        "isCorrect": false
      },
      {
        "questionId": 108,
        "userAnswer": null,
        "earnedPoints": 0,
        "maxPoints": 2,
        "isCorrect": false
      },
      {
        "questionId": 109,
        "userAnswer": null,
        "earnedPoints": 0,
        "maxPoints": 3,
        "isCorrect": false
      },
      {
        "questionId": 110,
        "userAnswer": "vitrual",
        "earnedPoints": 0,
        "maxPoints": 1,
        "isCorrect": false
      }
    ],
    "endTime": "2025-11-26T08:38:24.883Z",
    "score": 0,
    "maxScore": 10,
    "percentage": 0,
    "passed": false,
    "correctCount": 0
  },
  {
    "id": 5182,
    "userId": 1,
    "templateId": 5,
    "startTime": "2025-11-26T08:38:44.357Z",
    "status": "in_progress",
    "totalQuestions": 6,
    "attemptDetails": []
  },
  {
    "id": 5183,
    "userId": 1,
    "templateId": 5,
    "startTime": "2025-11-26T08:38:46.936Z",
    "status": "in_progress",
    "totalQuestions": 6,
    "attemptDetails": []
  },
  {
    "id": 5184,
    "userId": 1,
    "templateId": 2,
    "startTime": "2025-11-26T08:39:37.296Z",
    "status": "in_progress",
    "totalQuestions": 4,
    "attemptDetails": []
  },
  {
    "id": 5185,
    "userId": 1,
    "templateId": 2,
    "startTime": "2025-11-26T08:39:37.325Z",
    "status": "completed",
    "totalQuestions": 4,
    "attemptDetails": [
      {
        "questionId": 101,
        "userAnswer": null,
        "earnedPoints": 0,
        "maxPoints": 1,
        "isCorrect": false
      },
      {
        "questionId": 103,
        "userAnswer": null,
        "earnedPoints": 0,
        "maxPoints": 1,
        "isCorrect": false
      },
      {
        "questionId": 104,
        "userAnswer": null,
        "earnedPoints": 0,
        "maxPoints": 2,
        "isCorrect": false
      },
      {
        "questionId": 105,
        "userAnswer": null,
        "earnedPoints": 0,
        "maxPoints": 1,
        "isCorrect": false
      }
    ],
    "endTime": "2025-11-26T08:39:39.231Z",
    "score": 0,
    "maxScore": 5,
    "percentage": 0,
    "passed": false,
    "correctCount": 0
  },
  {
    "id": 5186,
    "userId": 1,
    "templateId": 2,
    "startTime": "2025-11-26T08:39:42.153Z",
    "status": "in_progress",
    "totalQuestions": 4,
    "attemptDetails": []
  },
  {
    "id": 5187,
    "userId": 1,
    "templateId": 3,
    "startTime": "2025-11-26T08:39:51.136Z",
    "status": "in_progress",
    "totalQuestions": 3,
    "attemptDetails": []
  },
  {
    "id": 5188,
    "userId": 1,
    "templateId": 5,
    "startTime": "2025-11-26T08:40:26.508Z",
    "status": "in_progress",
    "totalQuestions": 6,
    "attemptDetails": []
  },
  {
    "id": 5189,
    "userId": 1,
    "templateId": 5,
    "startTime": "2025-11-26T08:40:48.563Z",
    "status": "in_progress",
    "totalQuestions": 6,
    "attemptDetails": []
  },
  {
    "id": 5190,
    "userId": 1,
    "templateId": 5,
    "startTime": "2025-11-26T08:40:48.589Z",
    "status": "in_progress",
    "totalQuestions": 6,
    "attemptDetails": []
  },
  {
    "id": 5191,
    "userId": 1,
    "templateId": 5,
    "startTime": "2025-11-26T08:41:17.927Z",
    "status": "completed",
    "totalQuestions": 6,
    "attemptDetails": [
      {
        "questionId": 101,
        "userAnswer": null,
        "earnedPoints": 0,
        "maxPoints": 1,
        "isCorrect": false
      },
      {
        "questionId": 102,
        "userAnswer": null,
        "earnedPoints": 0,
        "maxPoints": 2,
        "isCorrect": false
      },
      {
        "questionId": 106,
        "userAnswer": null,
        "earnedPoints": 0,
        "maxPoints": 1,
        "isCorrect": false
      },
      {
        "questionId": 108,
        "userAnswer": [
          "componentWillUnmount",
          "constructor",
          "render",
          "componentDidMount"
        ],
        "earnedPoints": 0.5,
        "maxPoints": 2,
        "isCorrect": false
      },
      {
        "questionId": 109,
        "userAnswer": null,
        "earnedPoints": 0,
        "maxPoints": 3,
        "isCorrect": false
      },
      {
        "questionId": 110,
        "userAnswer": null,
        "earnedPoints": 0,
        "maxPoints": 1,
        "isCorrect": false
      }
    ],
    "endTime": "2025-11-26T08:41:23.586Z",
    "score": 0.5,
    "maxScore": 10,
    "percentage": 0,
    "passed": false,
    "correctCount": 0
  },
  {
    "id": 5192,
    "userId": 1,
    "templateId": 5,
    "startTime": "2025-11-26T08:41:26.846Z",
    "status": "in_progress",
    "totalQuestions": 6,
    "attemptDetails": []
  },
  {
    "id": 5193,
    "userId": 1,
    "templateId": 5,
    "startTime": "2025-11-26T08:41:26.871Z",
    "status": "completed",
    "totalQuestions": 6,
    "attemptDetails": [
      {
        "questionId": 101,
        "userAnswer": null,
        "earnedPoints": 0,
        "maxPoints": 1,
        "isCorrect": false
      },
      {
        "questionId": 102,
        "userAnswer": null,
        "earnedPoints": 0,
        "maxPoints": 2,
        "isCorrect": false
      },
      {
        "questionId": 106,
        "userAnswer": null,
        "earnedPoints": 0,
        "maxPoints": 1,
        "isCorrect": false
      },
      {
        "questionId": 108,
        "userAnswer": [
          "constructor",
          "render",
          "componentWillUnmount",
          "componentDidMount"
        ],
        "earnedPoints": 0.5,
        "maxPoints": 2,
        "isCorrect": false
      },
      {
        "questionId": 109,
        "userAnswer": null,
        "earnedPoints": 0,
        "maxPoints": 3,
        "isCorrect": false
      },
      {
        "questionId": 110,
        "userAnswer": "virtual",
        "earnedPoints": 1,
        "maxPoints": 1,
        "isCorrect": true
      }
    ],
    "endTime": "2025-11-26T08:43:19.482Z",
    "score": 1.5,
    "maxScore": 10,
    "percentage": 17,
    "passed": false,
    "correctCount": 1
  },
  {
    "id": 5194,
    "userId": 1,
    "templateId": 6,
    "startTime": "2025-11-26T08:51:01.537Z",
    "status": "in_progress",
    "totalQuestions": 9,
    "attemptDetails": []
  },
  {
    "id": 5195,
    "userId": 1,
    "templateId": 6,
    "startTime": "2025-11-26T08:51:01.561Z",
    "status": "in_progress",
    "totalQuestions": 9,
    "attemptDetails": []
  },
  {
    "id": 5196,
    "userId": 1,
    "templateId": 3,
    "startTime": "2025-11-26T08:51:08.696Z",
    "status": "in_progress",
    "totalQuestions": 3,
    "attemptDetails": []
  },
  {
    "id": 5197,
    "userId": 1,
    "templateId": 2,
    "startTime": "2025-11-26T08:51:11.406Z",
    "status": "in_progress",
    "totalQuestions": 4,
    "attemptDetails": []
  },
  {
    "id": 5198,
    "userId": 1,
    "templateId": 2,
    "startTime": "2025-11-26T08:51:11.434Z",
    "status": "in_progress",
    "totalQuestions": 4,
    "attemptDetails": []
  },
  {
    "id": 5199,
    "userId": 1,
    "templateId": 2,
    "startTime": "2025-11-26T08:51:13.306Z",
    "status": "in_progress",
    "totalQuestions": 4,
    "attemptDetails": []
  },
  {
    "id": 5200,
    "userId": 1,
    "templateId": 3,
    "startTime": "2025-11-26T08:54:40.829Z",
    "status": "in_progress",
    "totalQuestions": 3,
    "attemptDetails": []
  },
  {
    "id": 5201,
    "userId": 1,
    "templateId": 3,
    "startTime": "2025-11-26T08:54:40.856Z",
    "status": "in_progress",
    "totalQuestions": 3,
    "attemptDetails": []
  },
  {
    "id": 5202,
    "userId": 1,
    "templateId": 2,
    "startTime": "2025-11-26T08:55:03.751Z",
    "status": "in_progress",
    "totalQuestions": 4,
    "attemptDetails": []
  },
  {
    "id": 5203,
    "userId": 1,
    "templateId": 2,
    "startTime": "2025-11-26T08:55:03.769Z",
    "status": "in_progress",
    "totalQuestions": 4,
    "attemptDetails": []
  },
  {
    "id": 5204,
    "userId": 1,
    "templateId": 5,
    "startTime": "2025-11-26T08:56:17.932Z",
    "status": "in_progress",
    "totalQuestions": 6,
    "attemptDetails": []
  },
  {
    "id": 5205,
    "userId": 1,
    "templateId": 5,
    "startTime": "2025-11-26T08:56:17.951Z",
    "status": "in_progress",
    "totalQuestions": 6,
    "attemptDetails": []
  },
  {
    "id": 5206,
    "userId": 5,
    "templateId": 2,
    "startTime": "2025-11-26T09:07:18.632Z",
    "status": "in_progress",
    "totalQuestions": 4,
    "attemptDetails": []
  },
  {
    "id": 5207,
    "userId": 5,
    "templateId": 2,
    "startTime": "2025-11-26T09:07:18.656Z",
    "status": "completed",
    "totalQuestions": 4,
    "attemptDetails": [
      {
        "questionId": 101,
        "userAnswer": null,
        "earnedPoints": 0,
        "maxPoints": 1,
        "isCorrect": false
      },
      {
        "questionId": 103,
        "userAnswer": null,
        "earnedPoints": 0,
        "maxPoints": 1,
        "isCorrect": false
      },
      {
        "questionId": 104,
        "userAnswer": null,
        "earnedPoints": 0,
        "maxPoints": 2,
        "isCorrect": false
      },
      {
        "questionId": 105,
        "userAnswer": null,
        "earnedPoints": 0,
        "maxPoints": 1,
        "isCorrect": false
      }
    ],
    "endTime": "2025-11-26T09:07:21.797Z",
    "score": 0,
    "maxScore": 5,
    "percentage": 0,
    "passed": false,
    "correctCount": 0
  },
  {
    "id": 5208,
    "userId": 5,
    "templateId": 3,
    "startTime": "2025-11-26T09:09:45.929Z",
    "status": "in_progress",
    "totalQuestions": 3,
    "attemptDetails": []
  },
  {
    "id": 5209,
    "userId": 5,
    "templateId": 3,
    "startTime": "2025-11-26T09:09:45.948Z",
    "status": "in_progress",
    "totalQuestions": 3,
    "attemptDetails": []
  },
  {
    "id": 5210,
    "userId": 5,
    "templateId": 6,
    "startTime": "2025-11-26T09:10:00.362Z",
    "status": "in_progress",
    "totalQuestions": 9,
    "attemptDetails": []
  },
  {
    "id": 5211,
    "userId": 5,
    "templateId": 6,
    "startTime": "2025-11-26T09:10:00.380Z",
    "status": "in_progress",
    "totalQuestions": 9,
    "attemptDetails": []
  },
  {
    "id": 5212,
    "userId": 5,
    "templateId": 4,
    "startTime": "2025-11-26T09:16:13.940Z",
    "status": "in_progress",
    "totalQuestions": 2,
    "attemptDetails": []
  },
  {
    "id": 5213,
    "userId": 5,
    "templateId": 4,
    "startTime": "2025-11-26T09:16:13.957Z",
    "status": "in_progress",
    "totalQuestions": 2,
    "attemptDetails": []
  },
  {
    "id": 5214,
    "userId": 5,
    "templateId": 2,
    "startTime": "2025-11-26T09:16:16.182Z",
    "status": "in_progress",
    "totalQuestions": 4,
    "attemptDetails": []
  },
  {
    "id": 5215,
    "userId": 5,
    "templateId": 2,
    "startTime": "2025-11-26T09:16:16.201Z",
    "status": "in_progress",
    "totalQuestions": 4,
    "attemptDetails": []
  },
  {
    "id": 5216,
    "userId": 5,
    "templateId": 1,
    "startTime": "2025-11-26T09:16:18.244Z",
    "status": "in_progress",
    "totalQuestions": 11,
    "attemptDetails": []
  },
  {
    "id": 5217,
    "userId": 5,
    "templateId": 1,
    "startTime": "2025-11-26T09:16:18.262Z",
    "status": "in_progress",
    "totalQuestions": 11,
    "attemptDetails": []
  },
  {
    "id": 5218,
    "userId": 5,
    "templateId": 1,
    "startTime": "2025-11-26T09:16:20.742Z",
    "status": "in_progress",
    "totalQuestions": 11,
    "attemptDetails": []
  },
  {
    "id": 5219,
    "userId": 5,
    "templateId": 1,
    "startTime": "2025-11-26T09:16:20.761Z",
    "status": "in_progress",
    "totalQuestions": 11,
    "attemptDetails": []
  },
  {
    "id": 5220,
    "userId": 5,
    "templateId": 1,
    "startTime": "2025-11-26T09:16:26.097Z",
    "status": "in_progress",
    "totalQuestions": 11,
    "attemptDetails": []
  },
  {
    "id": 5221,
    "userId": 5,
    "templateId": 1,
    "startTime": "2025-11-26T09:16:26.116Z",
    "status": "completed",
    "totalQuestions": 11,
    "attemptDetails": [],
    "endTime": "2025-11-26T09:16:28.435Z",
    "score": 0,
    "maxScore": 0,
    "percentage": null,
    "passed": false,
    "correctCount": 0
  },
  {
    "id": 5222,
    "userId": 5,
    "templateId": 1,
    "startTime": "2025-11-26T09:16:29.458Z",
    "status": "in_progress",
    "totalQuestions": 11,
    "attemptDetails": []
  },
  {
    "id": 5223,
    "userId": 5,
    "templateId": 1,
    "startTime": "2025-11-26T09:16:29.476Z",
    "status": "in_progress",
    "totalQuestions": 11,
    "attemptDetails": []
  },
  {
    "id": 5224,
    "userId": 5,
    "templateId": 3,
    "startTime": "2025-11-26T09:17:11.885Z",
    "status": "in_progress",
    "totalQuestions": 3,
    "attemptDetails": []
  },
  {
    "id": 5225,
    "userId": 5,
    "templateId": 3,
    "startTime": "2025-11-26T09:17:11.905Z",
    "status": "in_progress",
    "totalQuestions": 3,
    "attemptDetails": []
  },
  {
    "id": 5226,
    "userId": 5,
    "templateId": 1,
    "startTime": "2025-11-26T09:17:18.280Z",
    "status": "in_progress",
    "totalQuestions": 11,
    "attemptDetails": []
  },
  {
    "id": 5227,
    "userId": 5,
    "templateId": 1,
    "startTime": "2025-11-26T09:17:18.298Z",
    "status": "completed",
    "totalQuestions": 11,
    "attemptDetails": [
      {
        "questionId": 101,
        "userAnswer": 1002,
        "earnedPoints": 0,
        "maxPoints": 1,
        "isCorrect": false
      },
      {
        "questionId": 102,
        "userAnswer": [
          1005,
          1006,
          1007,
          1008
        ],
        "earnedPoints": 1,
        "maxPoints": 2,
        "isCorrect": false
      },
      {
        "questionId": 103,
        "userAnswer": 1012,
        "earnedPoints": 0,
        "maxPoints": 1,
        "isCorrect": false
      },
      {
        "questionId": 104,
        "userAnswer": 1016,
        "earnedPoints": 2,
        "maxPoints": 2,
        "isCorrect": true
      },
      {
        "questionId": 105,
        "userAnswer": 1017,
        "earnedPoints": 1,
        "maxPoints": 1,
        "isCorrect": true
      },
      {
        "questionId": 107,
        "userAnswer": true,
        "earnedPoints": 1,
        "maxPoints": 1,
        "isCorrect": true
      },
      {
        "questionId": 111,
        "userAnswer": true,
        "earnedPoints": 1,
        "maxPoints": 1,
        "isCorrect": true
      },
      {
        "questionId": 112,
        "userAnswer": [
          "User gửi request",
          "Server render HTML",
          "HTML gửi về client",
          "Server fetch data",
          "Hydration xảy ra"
        ],
        "earnedPoints": 1.2,
        "maxPoints": 3,
        "isCorrect": false
      },
      {
        "questionId": 113,
        "userAnswer": [
          1022,
          1021,
          1024,
          1025,
          1023
        ],
        "earnedPoints": 1,
        "maxPoints": 2,
        "isCorrect": false
      },
      {
        "questionId": 114,
        "userAnswer": "saddf",
        "earnedPoints": 0,
        "maxPoints": 2,
        "isCorrect": false
      },
      {
        "questionId": 115,
        "userAnswer": {
          "SSR": "Render on client browser",
          "ISR": "Regenerate after interval",
          "CSR": "Render on every request",
          "SSG": "Render at build time"
        },
        "earnedPoints": 1,
        "maxPoints": 2,
        "isCorrect": false
      }
    ],
    "endTime": "2025-11-26T09:17:57.151Z",
    "score": 9.2,
    "maxScore": 18,
    "percentage": 36,
    "passed": false,
    "correctCount": 4
  },
  {
    "id": 5228,
    "userId": 5,
    "templateId": 6,
    "startTime": "2025-11-26T09:19:11.388Z",
    "status": "in_progress",
    "totalQuestions": 9,
    "attemptDetails": []
  },
  {
    "id": 5229,
    "userId": 5,
    "templateId": 6,
    "startTime": "2025-11-26T09:19:11.426Z",
    "status": "in_progress",
    "totalQuestions": 9,
    "attemptDetails": []
  }
]